{
  "restaurant": [
    {
      "id": 2,
      "name": "Pizza Hut",
      "address": "Pune",
      "rating": "8.5",
      "email": "pizza@test.com"
    },
    {
      "id": 3,
      "name": "KFC-restro",
      "address": "Mumbai",
      "rating": "6.5",
      "email": "kfc@test.com"
    },
    {
      "id": 4,
      "name": "Cafe Coffe day",
      "address": "vidisha",
      "rating": "7.5",
      "email": "cafecoffeeday@test.com"
    },
    {
      "id": 5,
      "name": "Mac-donalds",
      "address": "Bhopal",
      "rating": "4.5",
      "email": "bapu@test.com"
    },
    {
      "name": "W B Restaurant",
      "email": "wbr@test.com",
      "rating": "9.5",
      "address": "Noida",
      "id": 6
    },
    {
      "id": 7,
      "name": "Indori Restaurant",
      "address": "Indore",
      "rating": "8.5",
      "email": "indori@test.com"
    },
    {
      "name": "Barbeque",
      "email": "barbeque@gmail.com",
      "rating": "6.8",
      "address": "Mumbai",
      "id": 10
    },
    {
      "name": "Appetite  Town",
      "email": "apptite@gmail.com",
      "rating": "6.6",
      "address": "Bhopal",
      "id": 11
    },
    {
      "name": "Indori k Restaurant",
      "email": "indori@test.com",
      "rating": "8.5",
      "address": "Indore",
      "id": 17
    },
    {
      "name": "priya",
      "email": "py@gmail.com",
      "rating": "89",
      "address": "shivaji chowk",
      "id": 18
    },
    {
      "name": "abc",
      "email": "abc@gmail.com",
      "rating": "56",
      "address": "mauli chowk",
      "id": 19
    },
    {
      "name": "abc",
      "email": "abc@gmail.com",
      "rating": "56",
      "address": "mauli chowk",
      "id": 20
    }
  ]
}